epoch,train_loss,test_loss,lr
1,0.11555496349919554,0.13259733562171458,0.0001
2,0.01615323436017635,0.037956871021538975,0.0001
3,0.012897351909478863,0.035172832707874475,0.0001
4,0.007680731932015807,0.05567574097868055,0.0001
5,0.016689500315091806,0.017832982055842876,0.0001
6,0.006080664298503907,0.021101542361546308,0.0001
7,0.011169018394349882,0.018257209189236165,0.0001
8,0.005882931790593943,0.015774174329824746,0.0001
9,0.008165674598818028,0.013379831863567233,0.0001
10,0.017357525921107515,0.02778878469346091,0.0001
11,0.0008938910311306579,0.00948117058177013,0.0001
12,0.0030094572132594727,0.009206870839931072,0.0001
13,0.12422754800379703,0.01833401258289814,0.0001
14,0.0034945139802791637,0.021390915360301733,0.0001
15,0.00272676282205994,0.008146148796891793,0.0001
16,0.003510919627371151,0.007583935669390485,0.0001
17,0.018018801306363585,0.04520516881532967,0.0001
18,0.005946767434222879,0.024448260023258627,0.0001
19,0.006703630170956801,0.009096728362608702,0.0001
20,0.0010387767424837988,0.005575134724145755,0.0001
21,0.006619093020801043,0.02480965140461922,0.0001
22,0.0010940838290678003,0.0076447019289480524,0.0001
23,0.0007148493100661554,0.011453745043836535,0.0001
24,0.003950753165978928,0.00784352887258865,0.0001
25,0.009195536031529028,0.017039893658366053,0.0001
26,0.001352373219885458,0.004334476786199957,0.0001
27,0.1104335897807464,0.6642624605894089,0.0001
28,0.0012452759703528275,0.0035634603692451493,0.0001
29,0.0007283650460019269,0.006618389995768666,0.0001
30,0.0004411074051374375,0.002786612018593587,0.0001
31,0.003543076151388764,0.012940869630314409,0.0001
32,0.009298991230342668,0.020594363905489445,0.0001
33,0.0023389551820307284,0.013191444407217204,0.0001
34,0.0009393247910647809,0.005086132609983906,0.0001
35,0.0007522887226376158,0.009785683768859599,0.0001
36,0.1375366290509786,0.07083646517619491,0.0001
37,0.04407639147582777,0.015453067959286273,0.0001
38,0.0010420117920966355,0.00375541773554869,0.0001
39,0.0031128103487895794,0.004785821430385113,0.0001
40,0.0006429584973958126,0.003384220610023476,0.0001
41,0.001818341903948598,0.0027819535979069767,0.0001
42,0.011480071446528066,0.010861011895351111,0.0001
43,0.010873462336618263,0.017383384224958717,0.0001
44,0.0009340173956091636,0.002599599254433997,0.0001
45,0.0018093232311145947,0.01721751614974346,0.0001
46,0.005566283876912575,0.02141339754546061,0.0001
47,0.0008341057402154792,0.01191194924293086,0.0001
48,0.0008575577699867462,0.0065558109586127105,0.0001
49,0.0013786426368152653,0.0033326260281610304,0.0001
50,0.0011515502922971386,0.0019593727995525115,0.0001
51,0.0006223216517980805,0.003522318709990941,0.0001
52,0.000883902676418815,0.0043396252155653205,0.0001
53,0.005845567528782242,0.006299487471580505,0.0001
54,0.0005527366679748299,0.0033295957736554555,0.0001
55,0.0005038391738531503,0.002746822995948605,0.0001
56,0.02726039008635766,0.023047531803371386,0.0001
57,0.0008606776097356118,0.006323404168942943,0.0001
58,0.0006773638161987175,0.007394359989382792,0.0001
59,0.0007546089465932744,0.007472498480172362,0.0001
60,0.003219619427772297,0.00963940468407236,0.0001
61,0.0010321729548004143,0.006652474702568725,5e-05
62,0.00040685407437482423,0.00730073288915446,5e-05
63,0.0006271729024868155,0.006856545882241335,5e-05
64,0.0002145601821913263,0.004810440103945439,5e-05
65,0.0003624975130825982,0.004691867625777377,5e-05
66,0.000338406539367258,0.0014170135318418034,5e-05
67,0.0006601794747814851,0.001677493968163617,5e-05
68,0.00019001042905630747,0.001423078840249218,5e-05
69,0.00023959433866926034,0.002205135181953665,5e-05
70,0.00047764783187600183,0.005095788462786004,5e-05
71,0.001137073602458811,0.0028792830443999263,5e-05
72,0.0002237490805304855,0.0036577603849873414,5e-05
73,0.003407447767062077,0.00866371787537355,5e-05
74,0.00010530372613208194,0.0038286768684629353,5e-05
75,0.001307389896587704,0.00411358605348505,5e-05
76,0.00012027387116676468,0.0027061844441850554,5e-05
77,0.0014806976436840158,0.010495487571577542,2.5e-05
78,6.768146870800664e-05,0.00768241493368987,2.5e-05
79,0.0003913878511246782,0.008694482902705204,2.5e-05
80,0.000332084839516358,0.00787420400438714,2.5e-05
81,0.00039952329933634563,0.007583733640407445,2.5e-05
82,0.0014271908000707862,0.007342095521860756,2.5e-05
83,4.679701630149229e-05,0.007697353870782535,2.5e-05
84,0.0008555525988459199,0.008206633959372994,2.5e-05
85,0.00029973672349266166,0.008675339805107797,2.5e-05
86,9.70340844231389e-05,0.0064833844108216,2.5e-05
87,0.0001817617134499672,0.006970354665783816,2.5e-05
88,0.00033400080694245935,0.00586826971147093,1.25e-05
89,0.0001446163776390557,0.006837170156737557,1.25e-05
90,1.6758418891154288e-05,0.0054536058090652656,1.25e-05
91,4.1676519549405057e-05,0.0057614972796291115,1.25e-05
92,2.458887201137269e-05,0.00693318062639446,1.25e-05
93,9.378225763040897e-05,0.004975061962439213,1.25e-05
94,2.6393562926662203e-05,0.005963291956419198,1.25e-05
95,2.002193550798057e-05,0.005287712739092967,1.25e-05
96,3.9052224544027894e-05,0.005784352549202594,1.25e-05
97,1.1701449990846482e-05,0.00574772193667377,1.25e-05
98,1.622831895156274e-05,0.006240824727026847,1.25e-05
99,5.927951808357e-05,0.005250733270615456,6.25e-06
100,2.3503158221840613e-05,0.0055349584581836095,6.25e-06
101,1.3146810650172658e-05,0.005844495438552258,6.25e-06
102,1.2092180810188294e-05,0.005534237754733113,6.25e-06
103,5.4340954393715186e-05,0.005460786359901249,6.25e-06
104,1.032125677173843e-05,0.005367238695293054,6.25e-06
105,1.368809206180623e-05,0.00538514271474196,6.25e-06
106,1.3236947681610197e-05,0.005820355566071157,6.25e-06
107,9.610328896959595e-06,0.005762318751761995,6.25e-06
108,9.951202230699724e-05,0.005864675852673827,6.25e-06
109,6.9894105548964585e-06,0.00632158109305692,6.25e-06
110,4.563614584598211e-05,0.005378522880648233,3.125e-06
111,1.2756242849075867e-05,0.005759255235141609,3.125e-06
112,7.005861689203841e-06,0.005823300676002873,3.125e-06
113,9.163559068171327e-06,0.005739447176702925,3.125e-06
114,6.399053813996613e-06,0.005798041340454802,3.125e-06
115,4.739724449295648e-06,0.005659380474852241,3.125e-06
116,7.005500284400327e-06,0.005819940150940056,3.125e-06
117,6.901197135009111e-06,0.005689676848705858,3.125e-06
118,1.5066959239100096e-05,0.005631420064888516,3.125e-06
119,6.60193797845387e-06,0.005679091403313578,3.125e-06
120,8.867130891613583e-06,0.0056279080142430755,3.125e-06
121,1.9969194313488604e-05,0.005674061587765209,1.5625e-06
122,9.096696611739805e-06,0.005625500862643548,1.5625e-06
123,1.215285211497888e-05,0.005601928309257346,1.5625e-06
124,7.13545765253439e-06,0.005608026529933341,1.5625e-06
125,6.261175500035499e-06,0.0055072553781647,1.5625e-06
126,9.532629282856951e-06,0.005575166373227148,1.5625e-06
127,1.0621273791293665e-05,0.005620955569548641,1.5625e-06
128,7.408108847317488e-06,0.005670026945613245,1.5625e-06
129,7.899966732830567e-06,0.005580022476930935,1.5625e-06
130,1.240861811405903e-05,0.005519587721658354,1.5625e-06
131,5.078473424725615e-06,0.005522336793508657,1.5625e-06
132,5.6117023824054835e-06,0.005558680482771252,7.8125e-07
133,7.623576467938376e-06,0.00558710745694134,7.8125e-07
134,5.579115270446289e-06,0.005557020454785743,7.8125e-07
135,6.1325087758928595e-06,0.005574234090847312,7.8125e-07
136,7.312716255613101e-06,0.005575490224234272,7.8125e-07
137,3.862349462421689e-06,0.005556212601873995,7.8125e-07
138,5.989776366798912e-06,0.005585931773729044,7.8125e-07
139,4.445730416447364e-06,0.0055423137188422514,7.8125e-07
140,3.6613354992252033e-06,0.0055384334567934275,7.8125e-07
141,1.126767936868085e-05,0.0055059774033375105,7.8125e-07
142,4.398209306633031e-06,0.005567924090609268,7.8125e-07
143,7.5093468922369715e-06,0.0055717873316157235,3.90625e-07
144,8.116385022061429e-06,0.005557448283007034,3.90625e-07
145,5.307571603100144e-06,0.005545318733710701,3.90625e-07
146,9.607715169987087e-06,0.005540826249375641,3.90625e-07
147,3.983831048916966e-06,0.005533134999425328,3.90625e-07
148,1.1191317387935224e-05,0.0055187074878131175,3.90625e-07
149,5.342903229153372e-06,0.0055240968093417,3.90625e-07
150,4.513546227441293e-06,0.005536850807548489,3.90625e-07
151,5.375547623668036e-06,0.005552425362123358,3.90625e-07
152,4.279956774132509e-06,0.005533280497425039,3.90625e-07
153,5.571327692580935e-06,0.005528373951790854,3.90625e-07
154,4.025705458271978e-06,0.005537271534813953,1.953125e-07
155,4.561657446147722e-06,0.005543456343595608,1.953125e-07
156,7.899292276118435e-06,0.00553562344649572,1.953125e-07
157,4.053902659176336e-06,0.005531510941352281,1.953125e-07
158,4.595482534332751e-06,0.005531054864114139,1.953125e-07
159,4.676770135834368e-06,0.005530126430059227,1.953125e-07
160,3.6630866850959167e-06,0.005532390073703027,1.953125e-07
161,8.905049945066163e-06,0.005525013700754243,1.953125e-07
162,5.4954442837171885e-06,0.005536715266598094,1.953125e-07
163,3.621200244707265e-06,0.0055308742455204086,1.953125e-07
164,4.172350671060785e-06,0.005534560487705676,1.953125e-07
165,1.5863341604586293e-05,0.005525983968090713,9.765625e-08
166,6.023057527107399e-06,0.005529591110945148,9.765625e-08
167,4.180011945674024e-06,0.0055270351089297945,9.765625e-08
168,4.673893650143424e-06,0.00552961510693649,9.765625e-08
169,4.228544642655724e-06,0.005526936634379126,9.765625e-08
170,7.787700096155543e-06,0.005522870211631471,9.765625e-08
171,5.323156446328801e-06,0.00552949025299813,9.765625e-08
172,7.1034292312712355e-06,0.005529834326579475,9.765625e-08
173,4.979721732165516e-06,0.005528607680632831,9.765625e-08
174,6.73137248693185e-06,0.00553192559528361,9.765625e-08
175,8.326116733393183e-06,0.005521643670856065,9.765625e-08
176,3.591162853573462e-06,0.005529070414395392,4.8828125e-08
177,4.691731358904463e-06,0.005523995145165827,4.8828125e-08
178,4.709725591700255e-06,0.005523868548258179,4.8828125e-08
179,3.906849038992649e-06,0.005524083673015866,4.8828125e-08
180,4.005798937213558e-06,0.00552481902489626,4.8828125e-08
181,5.019540731754273e-06,0.005525345685395678,4.8828125e-08
182,4.524007792513566e-06,0.005526442798605331,4.8828125e-08
183,3.3915914742453965e-06,0.0055237137881372295,4.8828125e-08
184,3.5978738497296738e-06,0.0055255958549118986,4.8828125e-08
185,4.312760809783126e-06,0.005523821042825602,4.8828125e-08
186,6.880885203511569e-06,0.005521345628539166,4.8828125e-08
187,5.906921486555702e-06,0.005523304166641537,2.44140625e-08
188,6.067577108335293e-06,0.0055231113318113785,2.44140625e-08
189,2.787996346556576e-06,0.0055226950362575735,2.44140625e-08
190,7.959436714410506e-06,0.0055226713298679895,2.44140625e-08
191,5.6084749730833035e-06,0.005522477133940811,2.44140625e-08
192,3.646163769180672e-06,0.005522451772368641,2.44140625e-08
193,2.99393330957147e-06,0.005521713257578085,2.44140625e-08
194,6.141903726519142e-06,0.005521567361234702,2.44140625e-08
195,5.42272586317578e-06,0.005521458642593189,2.44140625e-08
196,4.103707428810413e-06,0.005522366030008016,2.44140625e-08
197,6.960088991567322e-06,0.005522215339052309,2.44140625e-08
198,3.5329830786059493e-06,0.005521499925413537,1.220703125e-08
199,5.613839109701592e-06,0.005521511559828468,1.220703125e-08
200,3.7852114410385333e-06,0.005521890091079513,1.220703125e-08
201,3.384038815538089e-06,0.0055217920486961706,1.220703125e-08
202,2.9724750264515462e-06,0.005522034735441593,1.220703125e-08
203,3.3144811186132397e-06,0.00552211726881842,1.220703125e-08
204,5.191909946151681e-06,0.00552160606509824,1.220703125e-08
205,4.002782045464927e-06,0.0055220499408510475,1.220703125e-08
206,3.7292728272382477e-06,0.005522050605647564,1.220703125e-08
207,5.9759498535610595e-06,0.005521764805142539,1.220703125e-08
208,3.0793091689165097e-06,0.005521990213993831,1.220703125e-08
209,4.8129253956354145e-06,0.005521783129746382,1.220703125e-08
210,5.86093583552534e-06,0.005521987761577748,1.220703125e-08
211,6.4478758336646825e-06,0.005522288573254627,1.220703125e-08
212,3.0259730517454327e-06,0.005522166977766574,1.220703125e-08
213,5.451041616788663e-06,0.005521853257618204,1.220703125e-08
214,3.958387934589469e-06,0.005521968749506414,1.220703125e-08
215,4.230395317519114e-06,0.005522034338074263,1.220703125e-08
216,6.522058837603564e-06,0.005522203430688933,1.220703125e-08
217,3.0525407081693616e-06,0.005522142314412122,1.220703125e-08
218,3.904043094701536e-06,0.0055218311974581415,1.220703125e-08
219,6.643266850571928e-06,0.005521892266048326,1.220703125e-08
220,6.2994740464322575e-06,0.005521524718190903,1.220703125e-08
221,4.584901457626155e-06,0.005521863337792638,1.220703125e-08
222,3.325108446349699e-06,0.005522335375702369,1.220703125e-08
223,3.764572456638254e-06,0.005522322613784581,1.220703125e-08
224,3.5255085783931808e-06,0.005522437856730449,1.220703125e-08
225,2.7228559197644312e-06,0.005522342650582686,1.220703125e-08
226,3.062775883342828e-06,0.005522168591991885,1.220703125e-08
227,3.140531770179515e-06,0.005521952298211545,1.220703125e-08
228,4.930159560907195e-06,0.005522217288837055,1.220703125e-08
229,5.300388296358467e-06,0.0055219965579008205,1.220703125e-08
230,3.8131934741727655e-06,0.005522138854753848,1.220703125e-08
231,4.914734922006978e-06,0.0055220755972372896,1.220703125e-08
232,2.596309931071508e-06,0.005522113775275102,1.220703125e-08
233,4.1040491370474125e-06,0.005521798925960866,1.220703125e-08
234,5.844328207988506e-06,0.005522051689992168,1.220703125e-08
235,3.0725845141871574e-06,0.005521886396872106,1.220703125e-08
236,6.7211038530041964e-06,0.005521984301483371,1.220703125e-08
237,5.391433160808611e-06,0.0055216279048504475,1.220703125e-08
238,2.5623910015937422e-06,0.005521674617378722,1.220703125e-08
239,5.796272285652603e-06,0.005521692879412512,1.220703125e-08
240,4.140950576742256e-06,0.005521988711314861,1.220703125e-08
241,4.813987536935977e-06,0.005521644248681241,1.220703125e-08
242,4.660748788058604e-06,0.005521931798881269,1.220703125e-08
243,2.60847301892011e-06,0.005522286033419277,1.220703125e-08
244,3.287067695964979e-06,0.005521714271636028,1.220703125e-08
245,5.55280089905731e-06,0.005521971699031383,1.220703125e-08
246,5.812250140177522e-06,0.005521958703932796,1.220703125e-08
247,4.520964082639456e-06,0.005522329327885018,1.220703125e-08
248,3.4118889640756863e-06,0.005522144228442812,1.220703125e-08
249,7.287833282676857e-06,0.005522012288019596,1.220703125e-08
250,4.245677773025597e-06,0.005521855899623461,1.220703125e-08
251,3.9187922171701584e-06,0.00552195388019436,1.220703125e-08
252,9.186486546743373e-06,0.005522134594004456,1.220703125e-08
253,6.344228641276847e-06,0.005522291660040537,1.220703125e-08
254,3.2841251190848322e-06,0.0055225147238666065,1.220703125e-08
255,5.565611212693832e-06,0.005522361309906046,1.220703125e-08
256,4.609141055219444e-06,0.00552236293606029,1.220703125e-08
257,8.553228694329051e-06,0.00552207763637034,1.220703125e-08
258,5.597859071446916e-06,0.005522455461335539,1.220703125e-08
259,3.3075254188585795e-06,0.0055225205008150625,1.220703125e-08
260,7.3815249782858314e-06,0.005522537951129379,1.220703125e-08
261,3.7399533507117717e-06,0.005522632403659827,1.220703125e-08
262,6.619948739671077e-06,0.005522893394991115,1.220703125e-08
263,5.0855456361995625e-06,0.005522194717670118,1.220703125e-08
264,3.7815453326366527e-06,0.00552219024907754,1.220703125e-08
265,4.571520248922399e-06,0.005522233718560074,1.220703125e-08
266,3.999570659650588e-06,0.005521985763205066,1.220703125e-08
267,6.853264321875681e-06,0.005522421284936172,1.220703125e-08
268,6.020464993044753e-06,0.005522252881144596,1.220703125e-08
269,3.277359478317827e-06,0.0055219759384235656,1.220703125e-08
270,4.128903762640561e-06,0.005521639256753588,1.220703125e-08
271,9.107591337394288e-06,0.0055218740450745825,1.220703125e-08
272,6.167646555623041e-06,0.005521867858066799,1.220703125e-08
273,4.885510354107143e-06,0.005521682424375286,1.220703125e-08
274,4.4298895679745416e-06,0.005521851706148482,1.220703125e-08
275,4.130769065813221e-06,0.005521540127343542,1.220703125e-08
276,2.8018715612644385e-06,0.005521617798985517,1.220703125e-08
277,5.545882511548163e-06,0.0055217930459239145,1.220703125e-08
278,6.214326756045254e-06,0.005522056903803332,1.220703125e-08
279,6.732855083707187e-06,0.005521740387863702,1.220703125e-08
280,5.735956023983998e-06,0.005522291424197647,1.220703125e-08
281,4.590703716540894e-06,0.005521978168231271,1.220703125e-08
282,8.441341614376479e-06,0.00552201258693458,1.220703125e-08
283,3.6893450954059424e-06,0.005521688876711324,1.220703125e-08
284,3.2876014013919945e-06,0.005521544053967318,1.220703125e-08
285,3.7580400755124923e-06,0.005521792942894081,1.220703125e-08
286,6.466881335053832e-06,0.005521541069997056,1.220703125e-08
287,4.977991189284965e-06,0.005521472013832863,1.220703125e-08
288,5.7142483797091314e-06,0.0055215313664330095,1.220703125e-08
289,4.80062562444845e-06,0.0055216721367824,1.220703125e-08
290,5.553108047351302e-06,0.0055220511373258886,1.220703125e-08
291,4.207870049969908e-06,0.005522131691526283,1.220703125e-08
292,3.1340809528168342e-06,0.00552178865194719,1.220703125e-08
293,4.481954462006424e-06,0.005521375085226282,1.220703125e-08
294,6.650099448202226e-06,0.005521396720633675,1.220703125e-08
295,3.89221885925872e-06,0.005521751105300154,1.220703125e-08
296,2.889749183232779e-06,0.0055219424060046545,1.220703125e-08
297,3.74731277445394e-06,0.0055218659104120885,1.220703125e-08
298,3.2834166393290754e-06,0.005521818852054367,1.220703125e-08
299,9.555302786650408e-06,0.005521617551606596,1.220703125e-08
300,6.735502510289714e-06,0.005521494261538009,1.220703125e-08
301,5.691925714833071e-06,0.005521417938495233,1.220703125e-08
302,1.0939803144714833e-05,0.005521497045505384,1.220703125e-08
303,3.7395948133697857e-06,0.0055218211098954275,1.220703125e-08
304,6.269894827332436e-06,0.005521785801320221,1.220703125e-08
305,4.417571123438307e-06,0.005521719717657106,1.220703125e-08
306,4.959535002125942e-06,0.0055216301417576686,1.220703125e-08
307,3.907992991009282e-06,0.005521619032329454,1.220703125e-08
308,3.819292138609089e-06,0.005521644482500506,1.220703125e-08
309,3.7339000842790917e-06,0.0055217843305499625,1.220703125e-08
310,6.351087913359156e-06,0.005521900826793626,1.220703125e-08
311,6.578465765050084e-06,0.005521781913708765,1.220703125e-08
312,2.9568460527604408e-06,0.005521633244628902,1.220703125e-08
313,3.6244350599998184e-06,0.005521747536191015,1.220703125e-08
314,3.5749767845687955e-06,0.005521760641505807,1.220703125e-08
315,4.837160432619098e-06,0.005522171068286752,1.220703125e-08
316,3.8342482091086205e-06,0.005522466002792044,1.220703125e-08
317,5.918830577292302e-06,0.005521682494939341,1.220703125e-08
318,3.3167299470147657e-06,0.005521474605138337,1.220703125e-08
319,3.2133012228256913e-06,0.005521717795797486,1.220703125e-08
320,3.4551353657160732e-06,0.005521788108454984,1.220703125e-08
321,5.099442391685292e-06,0.005522008624242972,1.220703125e-08
322,4.132985433587977e-06,0.005522168128477006,1.220703125e-08
323,3.520082624319812e-06,0.005522059778677885,1.220703125e-08
324,5.084366215606803e-06,0.0055220644491296295,1.220703125e-08
325,4.450238862100047e-06,0.005521982015832691,1.220703125e-08
326,4.330410117724758e-06,0.005521836352603259,1.220703125e-08
327,4.875692985407641e-06,0.0055216157985450995,1.220703125e-08
328,6.14017586177583e-06,0.005521594122052648,1.220703125e-08
329,5.216041794662462e-06,0.005521933371158866,1.220703125e-08
330,5.7518083600637845e-06,0.005521747534119186,1.220703125e-08
331,4.227416153325018e-06,0.0055220254466457844,1.220703125e-08
332,4.146681137179118e-06,0.005521968276917505,1.220703125e-08
333,4.7168492086016705e-06,0.005522043034805392,1.220703125e-08
334,4.043084464110797e-06,0.005521718539264839,1.220703125e-08
335,5.312879599157842e-06,0.005521694841425415,1.220703125e-08
336,3.77393554685944e-06,0.005522124626192636,1.220703125e-08
337,3.7655629703894676e-06,0.005521871545025533,1.220703125e-08
338,5.25688449358367e-06,0.005521339675469335,1.220703125e-08
339,5.735461748318316e-06,0.005521767003499918,1.220703125e-08
340,2.4495795636328207e-06,0.005521903816016674,1.220703125e-08
341,3.5022202777163195e-06,0.005521751235974989,1.220703125e-08
342,4.11479013331275e-06,0.005521902529337239,1.220703125e-08
343,4.325673940549241e-06,0.0055214755161136966,1.220703125e-08
344,3.4985510714512804e-06,0.005521523406590859,1.220703125e-08
345,9.960752669895927e-06,0.005521966082044855,1.220703125e-08
346,3.152074157430799e-06,0.005521971079997911,1.220703125e-08
347,5.9743226643734185e-06,0.0055220839403377795,1.220703125e-08
348,3.4233813025398377e-06,0.005521858887668714,1.220703125e-08
349,4.387405748129098e-06,0.005521800482628805,1.220703125e-08
350,5.764351865283636e-06,0.005521736767706443,1.220703125e-08
351,3.415802690455107e-06,0.005521689768794659,1.220703125e-08
352,4.82202098473031e-06,0.005521789025840917,1.220703125e-08
353,6.140783662238404e-06,0.005521932201864729,1.220703125e-08
354,3.3182998068555033e-06,0.005521839520502908,1.220703125e-08
355,4.316230669420485e-06,0.00552186710101887,1.220703125e-08
356,6.465234505497802e-06,0.005522295331420991,1.220703125e-08
357,3.975608397455678e-06,0.005522152225606078,1.220703125e-08
358,7.214295421177546e-06,0.005521723041254063,1.220703125e-08
359,3.5825818486668525e-06,0.00552198412305006,1.220703125e-08
360,3.4530678576534455e-06,0.005522182601143868,1.220703125e-08
361,4.5230694830672945e-06,0.005522127268925032,1.220703125e-08
362,5.7204054649186706e-06,0.005521714051487379,1.220703125e-08
363,4.930535942382774e-06,0.005521640406870574,1.220703125e-08
364,5.023571193365982e-06,0.005521625859179949,1.220703125e-08
365,4.929832650796187e-06,0.005521605943859868,1.220703125e-08
366,1.5668682331605944e-05,0.005521848094489997,1.220703125e-08
367,3.1231917824570904e-06,0.005521979275032663,1.220703125e-08
368,6.492681782476707e-06,0.005521687358721919,1.220703125e-08
369,4.772705100055219e-06,0.0055217277150309205,1.220703125e-08
370,7.274393355591755e-06,0.005521482916705281,1.220703125e-08
371,6.808214815697636e-06,0.005521579827843197,1.220703125e-08
372,4.999194061120528e-06,0.0055215167879769066,1.220703125e-08
373,5.66229275778826e-06,0.005521978587709328,1.220703125e-08
374,5.662055342476518e-06,0.005521699381909457,1.220703125e-08
375,5.066874212496085e-06,0.005521928974387265,1.220703125e-08
376,3.047435027097155e-06,0.005522208542560748,1.220703125e-08
377,4.010767124476957e-06,0.005521871562600609,1.220703125e-08
378,3.7732582805368908e-06,0.005522056642338157,1.220703125e-08
379,3.0089311030533766e-06,0.005521546027944168,1.220703125e-08
380,5.122359914230689e-06,0.0055217027325347775,1.220703125e-08
381,3.5178519570661413e-06,0.0055218280711892475,1.220703125e-08
382,5.117720967012653e-06,0.0055218003662143925,1.220703125e-08
383,5.365541619596129e-06,0.005521915008969245,1.220703125e-08
384,5.967716612361343e-06,0.0055222969568981175,1.220703125e-08
385,3.5330678266466754e-06,0.005521828463874499,1.220703125e-08
386,5.0319575503208415e-06,0.005521851611309103,1.220703125e-08
387,5.625895622573173e-06,0.005521829987605542,1.220703125e-08
388,5.674906716114737e-06,0.00552172449666341,1.220703125e-08
389,4.7855866926868785e-06,0.005521621865684665,1.220703125e-08
390,6.236151649559514e-06,0.005521559357041497,1.220703125e-08
391,5.083040674915383e-06,0.005521383931612491,1.220703125e-08
392,5.596389032275856e-06,0.005521214148445779,1.220703125e-08
393,4.969523652139819e-06,0.005521336538494325,1.220703125e-08
394,3.823090278425856e-06,0.005521461737220307,1.220703125e-08
395,6.799789433461035e-06,0.005521268694795708,1.220703125e-08
396,4.3816966103738305e-06,0.0055215486811343905,1.220703125e-08
397,5.6613563990497645e-06,0.005521686656653856,1.220703125e-08
398,5.490637886816364e-06,0.005521422385038932,1.220703125e-08
399,3.1503185132782133e-06,0.005521778432499104,1.220703125e-08
400,5.78975254684132e-06,0.005521724403909502,1.220703125e-08
401,6.1494513525142946e-06,0.005521828355460002,1.220703125e-08
402,5.650676416773805e-06,0.0055219121027321304,1.220703125e-08
403,3.276456943695797e-06,0.005521791915837639,1.220703125e-08
404,6.7271399168350854e-06,0.005521743543309639,1.220703125e-08
405,5.638136255790428e-06,0.005521716323545661,1.220703125e-08
406,2.509505034473554e-06,0.005521910319230301,1.220703125e-08
407,3.946811815845387e-06,0.005521721691296989,1.220703125e-08
408,3.8902013117639626e-06,0.005521998840305514,1.220703125e-08
409,6.039780589596819e-06,0.005521686663211313,1.220703125e-08
410,4.951560712702839e-06,0.0055215403576871725,1.220703125e-08
411,5.642526739790513e-06,0.0055217598758499666,1.220703125e-08
412,4.67214966245939e-06,0.005522270053956163,1.220703125e-08
413,4.575035435499843e-06,0.0055218010392541145,1.220703125e-08
414,6.1201507026182286e-06,0.005521783076438623,1.220703125e-08
415,4.702228105268952e-06,0.005521797439492275,1.220703125e-08
416,4.182411517542696e-06,0.0055219494135849345,1.220703125e-08
417,4.455629588933642e-06,0.005522216472036689,1.220703125e-08
418,7.199722000345516e-06,0.005521535069037782,1.220703125e-08
419,5.3035884661117726e-06,0.005521910213101819,1.220703125e-08
420,5.652499782852261e-06,0.0055213669100612605,1.220703125e-08
421,5.5601581570936415e-06,0.005521466911893185,1.220703125e-08
422,4.612921502098254e-06,0.005521099261007748,1.220703125e-08
423,4.748745082198141e-06,0.005521357663733397,1.220703125e-08
424,3.7361094559037018e-06,0.005521353398603423,1.220703125e-08
425,6.198847320572178e-06,0.005521505921026801,1.220703125e-08
426,5.368837944223603e-06,0.005521510341680368,1.220703125e-08
427,4.9384140641792265e-06,0.005521508896513751,1.220703125e-08
428,6.981482997193568e-06,0.005521763050134268,1.220703125e-08
429,6.886894160223049e-06,0.0055219241497884465,1.220703125e-08
430,3.633655321971355e-06,0.005521670110055311,1.220703125e-08
431,3.821304078044392e-06,0.005521732803388204,1.220703125e-08
432,8.105548047199319e-06,0.00552147023896805,1.220703125e-08
433,7.572533905645276e-06,0.005521306365864802,1.220703125e-08
434,4.514101233040681e-06,0.005521197104017574,1.220703125e-08
435,4.750317107938598e-06,0.005521795402009047,1.220703125e-08
436,5.0272924037354006e-06,0.00552121325408325,1.220703125e-08
437,4.798079084390873e-06,0.005521528852586926,1.220703125e-08
438,4.158634501095205e-06,0.005521405845884147,1.220703125e-08
439,7.649508101253284e-06,0.005521584105288639,1.220703125e-08
440,5.9277237242424e-06,0.005521695179785183,1.220703125e-08
441,3.6770363441106676e-06,0.005521311483760656,1.220703125e-08
442,6.763686467580856e-06,0.005521615195621052,1.220703125e-08
443,4.088731160959682e-06,0.0055213216076631395,1.220703125e-08
444,6.165626605066734e-06,0.005521541548554978,1.220703125e-08
445,3.6040430753369016e-06,0.005521000452437874,1.220703125e-08
446,3.630760259852148e-06,0.0055214733902403165,1.220703125e-08
447,6.440901207169145e-06,0.005521443199875194,1.220703125e-08
448,4.308910887558806e-06,0.005520691624002211,1.220703125e-08
449,4.627743276475564e-06,0.005520994559488826,1.220703125e-08
450,4.5313709151527395e-06,0.005521216219496637,1.220703125e-08
451,5.783302277546927e-06,0.005521328915284812,1.220703125e-08
452,3.5804358234916773e-06,0.005521067562027838,1.220703125e-08
453,5.871178686251244e-06,0.005520904562819851,1.220703125e-08
454,4.174860997088727e-06,0.005520983029156468,1.220703125e-08
455,4.26144244728181e-06,0.0055209700408809115,1.220703125e-08
456,4.061768560725948e-06,0.005520852451981682,1.220703125e-08
457,3.5223969006734697e-06,0.00552070456457841,1.220703125e-08
458,4.285463821033077e-06,0.005521089517239488,1.220703125e-08
459,2.864320156257202e-06,0.005521092268640132,1.220703125e-08
460,5.101924738837576e-06,0.005521787982589558,1.220703125e-08
461,5.0007492921198364e-06,0.005521329192601115,1.220703125e-08
462,4.33800204597891e-06,0.005521377861926339,1.220703125e-08
463,8.051735498528285e-06,0.005521045407543624,1.220703125e-08
464,3.313950056129168e-06,0.005521245768347399,1.220703125e-08
465,3.3499431600936104e-06,0.005521717578763855,1.220703125e-08
466,3.418651113059029e-06,0.00552131055154723,1.220703125e-08
467,3.3797961652760186e-06,0.005521163372022329,1.220703125e-08
468,3.4419602232328414e-06,0.005520959953969395,1.220703125e-08
469,4.357672644439188e-06,0.0055208584058327684,1.220703125e-08
470,5.121435877037516e-06,0.005521026179392266,1.220703125e-08
471,4.915207632327239e-06,0.005521033663109847,1.220703125e-08
472,3.951293867658799e-06,0.005520742221120144,1.220703125e-08
473,4.847845169206806e-06,0.005520574751373715,1.220703125e-08
474,3.3875273668103735e-06,0.005520269435243336,1.220703125e-08
475,5.3565642709667965e-06,0.0055204262456591095,1.220703125e-08
476,7.290521257588032e-06,0.00552049228970236,1.220703125e-08
477,6.601954588244421e-06,0.005520315100105109,1.220703125e-08
478,4.918333986033922e-06,0.005520427159471638,1.220703125e-08
479,4.689501601339064e-06,0.005520742059926761,1.220703125e-08
480,7.753670868466797e-06,0.005520541375165521,1.220703125e-08
481,7.090271929279477e-06,0.0055206655224546925,1.220703125e-08
482,3.594500604454321e-06,0.005520558726434956,1.220703125e-08
483,3.886035643651282e-06,0.005520595421696271,1.220703125e-08
484,3.876198097544405e-06,0.005520511522286142,1.220703125e-08
485,2.7631535465932834e-06,0.0055208648443390304,1.220703125e-08
486,2.422070892086853e-06,0.005520955765000963,1.220703125e-08
487,8.761258170647908e-06,0.005521026378490205,1.220703125e-08
488,7.714319956198115e-06,0.005521196674552357,1.220703125e-08
489,6.326184762576458e-06,0.005521320334955817,1.220703125e-08
490,4.493608610394573e-06,0.0055214498166692464,1.220703125e-08
491,5.735407436754267e-06,0.00552125194230257,1.220703125e-08
492,3.5326086068649815e-06,0.005520946586438186,1.220703125e-08
493,5.945941207764352e-06,0.005521225326007425,1.220703125e-08
494,4.592127522543569e-06,0.0055213846670690144,1.220703125e-08
495,3.92400982975117e-06,0.005521601515803922,1.220703125e-08
496,4.38191718944916e-06,0.005521819477746249,1.220703125e-08
497,2.315298256730271e-06,0.005521333151081308,1.220703125e-08
498,4.298396507102417e-06,0.005520879611692635,1.220703125e-08
499,4.393506765569358e-06,0.005521103049412432,1.220703125e-08
500,5.691455520495216e-06,0.005521061145405383,1.220703125e-08
501,1.099163244088582e-05,0.005520881955817004,1.220703125e-08
502,4.457741937423638e-06,0.005520980094938295,1.220703125e-08
503,5.971125474020838e-06,0.005520834120084601,1.220703125e-08
504,4.3208491788430024e-06,0.005520412875982402,1.220703125e-08
505,6.8953441641936686e-06,0.005520513323182513,1.220703125e-08
506,5.4101273788409175e-06,0.005520824534525218,1.220703125e-08
507,4.485868149385481e-06,0.005520823467144055,1.220703125e-08
508,3.5448898510871113e-06,0.00552089347901483,1.220703125e-08
509,3.840269414464894e-06,0.005520786151463653,1.220703125e-08
510,5.047796848792553e-06,0.00552036612235861,1.220703125e-08
511,3.455326830879999e-06,0.005520638003864406,1.220703125e-08
512,4.339917712490994e-06,0.005520629918901705,1.220703125e-08
513,7.100941878413252e-06,0.005520707381823285,1.220703125e-08
514,8.93429396377876e-06,0.005520988446400224,1.220703125e-08
515,4.349771535960271e-06,0.005520700856129679,1.220703125e-08
516,2.730386663354566e-06,0.005520944841051915,1.220703125e-08
517,1.0980324187497617e-05,0.005520683724123501,1.220703125e-08
518,5.956805450902662e-06,0.005520524734053197,1.220703125e-08
519,3.599451892429372e-06,0.005520488271583418,1.220703125e-08
520,5.325345809019212e-06,0.005520697910363651,1.220703125e-08
521,4.0893664587856725e-06,0.00552001217512634,1.220703125e-08
522,4.765508051506253e-06,0.005520854015450368,1.220703125e-08
523,4.78497782130463e-06,0.005520864509790954,1.220703125e-08
524,4.440033064159199e-06,0.005521111564951298,1.220703125e-08
525,5.912544517206446e-06,0.005520786152637811,1.220703125e-08
526,3.601405742074886e-06,0.005520839127369527,1.220703125e-08
527,3.966915142776423e-06,0.005520551104332754,1.220703125e-08
528,5.770506561294782e-06,0.005520807953146232,1.220703125e-08
529,4.2313411706669255e-06,0.005521065357083898,1.220703125e-08
530,4.316163480643678e-06,0.005520908367420361,1.220703125e-08
531,4.478302174434787e-06,0.005520838323076532,1.220703125e-08
532,4.026654303605286e-06,0.005520736085385124,1.220703125e-08
533,7.542511852039651e-06,0.005520401847927587,1.220703125e-08
534,2.8196938246356037e-06,0.005520488509281676,1.220703125e-08
535,2.8542290954961816e-06,0.005520681256020453,1.220703125e-08
536,3.588866580817654e-06,0.005520655934728438,1.220703125e-08
537,3.4105967410933345e-06,0.0055202736894752885,1.220703125e-08
538,3.423520775525467e-06,0.005520499859508163,1.220703125e-08
539,3.110777036509868e-06,0.0055206217434933934,1.220703125e-08
540,4.290369952307166e-06,0.005520856544784238,1.220703125e-08
541,2.774231788104558e-06,0.0055207532977556185,1.220703125e-08
542,4.955795926366166e-06,0.0055206554841729484,1.220703125e-08
543,4.373794553515933e-06,0.005520747700647007,1.220703125e-08
544,3.6788022449494654e-06,0.005520680899289801,1.220703125e-08
545,4.015858736717865e-06,0.005520776378546543,1.220703125e-08
546,6.048539376056955e-06,0.005520873451987427,1.220703125e-08
547,4.539349380444975e-06,0.00552066124297653,1.220703125e-08
548,4.691396066207935e-06,0.005520605562252058,1.220703125e-08
549,4.128359055963767e-06,0.0055206830620959406,1.220703125e-08
550,4.791470238522108e-06,0.005520429399678505,1.220703125e-08
551,6.213039195468732e-06,0.005521309187947281,1.220703125e-08
552,3.424330752862385e-06,0.005520965367938516,1.220703125e-08
553,5.689833387849835e-06,0.005520903107074901,1.220703125e-08
554,9.23750581301195e-06,0.0055208461819893275,1.220703125e-08
555,5.1521180633177095e-06,0.005521199635236371,1.220703125e-08
556,5.8157462483851545e-06,0.005520822814537951,1.220703125e-08
557,4.476901786310364e-06,0.005520674980795775,1.220703125e-08
558,3.211553739378217e-06,0.005520791504775389,1.220703125e-08
559,3.5509863708963234e-06,0.005520837586750986,1.220703125e-08
560,4.671934535239807e-06,0.005520612861894733,1.220703125e-08
561,4.7632205338579565e-06,0.005520055890531694,1.220703125e-08
562,6.710622688746578e-06,0.005520777685111625,1.220703125e-08
563,6.505906621036723e-06,0.005520473678783674,1.220703125e-08
564,5.493113746692996e-06,0.005520431949768863,1.220703125e-08
565,3.6259146696610436e-06,0.005520610445816147,1.220703125e-08
566,3.633535922539524e-06,0.005520264194447464,1.220703125e-08
567,4.7674099882582355e-06,0.005520466736274557,1.220703125e-08
568,4.985931201093076e-06,0.005520156324666004,1.220703125e-08
569,3.472594167501899e-06,0.005520111149511649,1.220703125e-08
570,4.079028454246957e-06,0.005520451055802369,1.220703125e-08
571,6.422812798536916e-06,0.00552062094380517,1.220703125e-08
572,3.016617457603535e-06,0.005520238112049811,1.220703125e-08
573,4.1139259248942755e-06,0.005520145058434082,1.220703125e-08
574,4.578266532146879e-06,0.005519968020784745,1.220703125e-08
575,4.1550393605092765e-06,0.005520554796714805,1.220703125e-08
576,3.207687102528117e-06,0.005520150627161002,1.220703125e-08
577,4.555121289536551e-06,0.00551985081418934,1.220703125e-08
578,6.564646853691637e-06,0.005519934602129524,1.220703125e-08
579,3.6585073968761865e-06,0.005520051959219927,1.220703125e-08
580,4.54169252946474e-06,0.00552009621467505,1.220703125e-08
581,4.026199972862585e-06,0.005520083249250547,1.220703125e-08
582,5.390415424909101e-06,0.005520283605567783,1.220703125e-08
583,5.9469707230136675e-06,0.005520316063785685,1.220703125e-08
584,6.904137344617149e-06,0.005520093311395158,1.220703125e-08
585,5.859925429351741e-06,0.005520073112088994,1.220703125e-08
586,6.183795055709139e-06,0.0055203640048057424,1.220703125e-08
587,2.9710718781645942e-06,0.005520195259406137,1.220703125e-08
588,4.314072001800533e-06,0.005520173350646928,1.220703125e-08
589,2.9910781676787814e-06,0.005519722344253751,1.220703125e-08
590,6.717722470599345e-06,0.00552004905275362,1.220703125e-08
591,8.304027066644394e-06,0.0055198667595327605,1.220703125e-08
592,3.274420380862573e-06,0.005519871625188898,1.220703125e-08
593,2.5924623850201755e-06,0.005520209506240917,1.220703125e-08
594,2.6242238655549267e-06,0.005520123289548792,1.220703125e-08
595,2.464122090984656e-06,0.005520030436599427,1.220703125e-08
596,3.582755214306084e-06,0.005520117842156196,1.220703125e-08
597,4.909345372038895e-06,0.005520435316685052,1.220703125e-08
598,4.420680515283609e-06,0.005520237957672635,1.220703125e-08
599,4.916915769763846e-06,0.005520093966128571,1.220703125e-08
600,5.3017760135897585e-06,0.005519964422597241,1.220703125e-08
601,3.922602493823248e-06,0.005519793641003617,1.220703125e-08
602,6.728682687995223e-06,0.005519599230072345,1.220703125e-08
603,3.5426533243329454e-06,0.0055201262895552645,1.220703125e-08
604,6.61875573762295e-06,0.005519819950831333,1.220703125e-08
605,4.388495294502507e-06,0.005519504021528064,1.220703125e-08
606,7.984105633658904e-06,0.005519413073060605,1.220703125e-08
607,3.6246130074499137e-06,0.005519822835610739,1.220703125e-08
608,3.283112110111586e-06,0.00551969228499911,1.220703125e-08
609,5.7000882694083355e-06,0.0055195203388807386,1.220703125e-08
610,2.537239755703795e-06,0.00551951356502741,1.220703125e-08
611,5.593589066084119e-06,0.005519752434136535,1.220703125e-08
612,4.009343066473066e-06,0.005519665781668209,1.220703125e-08
613,4.7711820503413975e-06,0.005519413385321968,1.220703125e-08
614,3.269901699919241e-06,0.005519590459422943,1.220703125e-08
615,3.6692156604136075e-06,0.005519330329654167,1.220703125e-08
616,3.7828931552545923e-06,0.005519281938120912,1.220703125e-08
617,5.293713851168611e-06,0.005518616360187935,1.220703125e-08
618,4.209593806396115e-06,0.00551945361261096,1.220703125e-08
619,5.366477337667674e-06,0.005519289947397283,1.220703125e-08
620,3.4839976711805105e-06,0.005519513770323556,1.220703125e-08
621,4.651999833391556e-06,0.005519753022256737,1.220703125e-08
622,4.13597855310932e-06,0.005519592609643496,1.220703125e-08
623,3.948797448168124e-06,0.005520087008033897,1.220703125e-08
624,3.8097540494353372e-06,0.005519822599202143,1.220703125e-08
625,5.245214313040844e-06,0.0055194792262009285,1.220703125e-08
626,3.7115982809788015e-06,0.005519498317870785,1.220703125e-08
627,3.2627939465220656e-06,0.005519578671518048,1.220703125e-08
628,4.39635794430859e-06,0.005519608669861555,1.220703125e-08
629,4.104921749624193e-06,0.005519555295642476,1.220703125e-08
630,3.426326152060366e-06,0.005518967462067394,1.220703125e-08
631,5.282757636964498e-06,0.005519461265696464,1.220703125e-08
632,4.632673333752224e-06,0.005519332061376644,1.220703125e-08
633,4.435263879904099e-06,0.00551901122412255,1.220703125e-08
634,3.422264022162666e-06,0.005519152108699927,1.220703125e-08
635,3.2101826642685764e-06,0.005519214105368519,1.220703125e-08
636,6.288904345583099e-06,0.005519300760337955,1.220703125e-08
637,5.548529313760473e-06,0.0055191558236124365,1.220703125e-08
638,2.812564045058534e-06,0.005519080324060269,1.220703125e-08
639,2.8203803078556184e-06,0.00551927857456576,1.220703125e-08
640,4.0206365067266155e-06,0.005519155421269716,1.220703125e-08
641,8.633215292967092e-06,0.005519094381385003,1.220703125e-08
642,4.625918794473119e-06,0.005518954019863941,1.220703125e-08
643,4.452911258397616e-06,0.005519356082633749,1.220703125e-08
644,3.5750298844342683e-06,0.0055191862649680845,1.220703125e-08
645,3.7718449755302827e-06,0.00551905127051441,1.220703125e-08
646,5.005850351883814e-06,0.0055191353995569445,1.220703125e-08
647,4.581372636149755e-06,0.005519251621145486,1.220703125e-08
648,4.451001401349451e-06,0.0055191561587171235,1.220703125e-08
649,3.145773668015236e-06,0.005519186643940884,1.220703125e-08
650,6.4875133966888835e-06,0.0055196049952296565,1.220703125e-08
651,3.1234524102448685e-06,0.005519343843272509,1.220703125e-08
652,3.5858845515449545e-06,0.005519527334464783,1.220703125e-08
653,3.497653230536997e-06,0.005518905753098807,1.220703125e-08
654,5.69983266319351e-06,0.005519176175455414,1.220703125e-08
655,3.0910312019404337e-06,0.005518731617863523,1.220703125e-08
656,5.005676062346244e-06,0.005518909738047114,1.220703125e-08
657,5.110469831593398e-06,0.005518766910696741,1.220703125e-08
658,3.872380072532614e-06,0.005518314356763312,1.220703125e-08
659,4.5668186434725555e-06,0.0055185452166051615,1.220703125e-08
660,3.967987009195523e-06,0.005518042710151804,1.220703125e-08
661,7.890333122844478e-06,0.00551851585511804,1.220703125e-08
662,5.9588588282886095e-06,0.005519021408671051,1.220703125e-08
663,6.125811020383898e-06,0.005519141948883771,1.220703125e-08
664,5.003972797037867e-06,0.005518644862435849,1.220703125e-08
665,4.268755937229563e-06,0.005519302617922676,1.220703125e-08
666,7.154389306016028e-06,0.005518509696508318,1.220703125e-08
667,3.432738882635503e-06,0.005518822584153895,1.220703125e-08
668,4.141951040737515e-06,0.005518813091531683,1.220703125e-08
669,5.389110017649124e-06,0.005518692506951993,1.220703125e-08
670,3.527974764622195e-06,0.005518707269019615,1.220703125e-08
671,7.767797786336501e-06,0.005519004935119028,1.220703125e-08
672,4.777831709378454e-06,0.005518727393514837,1.220703125e-08
673,6.6339242768429635e-06,0.005519207430078041,1.220703125e-08
674,3.0983513093574976e-06,0.005518865934510358,1.220703125e-08
675,4.72432906793275e-06,0.005519308960885155,1.220703125e-08
676,3.5113602878434233e-06,0.005518754597283987,1.220703125e-08
677,6.260243076657145e-06,0.005518522845301049,1.220703125e-08
678,5.731439428809378e-06,0.005518305529295958,1.220703125e-08
679,3.904727067761989e-06,0.005518735785190529,1.220703125e-08
680,4.774761143872212e-06,0.005518545656778315,1.220703125e-08
681,3.1478283766857547e-06,0.005518964603615131,1.220703125e-08
682,5.663722400624246e-06,0.0055186555065561155,1.220703125e-08
683,3.429880117911415e-06,0.0055183857308752525,1.220703125e-08
684,4.424133295515705e-06,0.005518595156475385,1.220703125e-08
685,3.0844406414943907e-06,0.005518487510515115,1.220703125e-08
686,3.817797273691771e-06,0.005518377591171884,1.220703125e-08
687,7.3222119722696874e-06,0.005518520211290706,1.220703125e-08
688,3.997079792958646e-06,0.005518918863067483,1.220703125e-08
689,3.278401418136246e-06,0.005519090239757588,1.220703125e-08
690,1.0374851918764648e-05,0.005518368371117504,1.220703125e-08
691,4.340797301873284e-06,0.005518040263088551,1.220703125e-08
692,6.512884651980937e-06,0.0055182747492413,1.220703125e-08
693,3.954776832520161e-06,0.005518278053695667,1.220703125e-08
694,4.805438914267097e-06,0.0055183300201069865,1.220703125e-08
695,4.863219573691028e-06,0.005517850069104498,1.220703125e-08
696,4.635305262978556e-06,0.005517955268436708,1.220703125e-08
697,6.057706011459967e-06,0.005517973199333028,1.220703125e-08
698,3.1615634256603004e-06,0.0055178101100955244,1.220703125e-08
699,6.458362719087957e-06,0.0055181445804391846,1.220703125e-08
700,4.397319089698068e-06,0.005518331505099013,1.220703125e-08
701,6.188925780796967e-06,0.00551842127853979,1.220703125e-08
702,6.98693760048267e-06,0.005518100105180565,1.220703125e-08
703,5.008434198690263e-06,0.005518212054396827,1.220703125e-08
704,5.978081638606575e-06,0.005518443621944243,1.220703125e-08
705,3.2150763570424753e-06,0.0055180052473065185,1.220703125e-08
706,3.3590453820440042e-06,0.005518328237522382,1.220703125e-08
707,4.551288988009973e-06,0.0055182732504572415,1.220703125e-08
708,6.634857944559686e-06,0.005517785203390304,1.220703125e-08
709,4.187029592787743e-06,0.005518150930991396,1.220703125e-08
710,3.5528789556588475e-06,0.0055180770028828196,1.220703125e-08
711,5.149854740030933e-06,0.005518233691231216,1.220703125e-08
712,6.859605407338789e-06,0.005518187318407399,1.220703125e-08
713,3.5873268334377663e-06,0.005517955529323444,1.220703125e-08
714,3.4620886653138576e-06,0.005518075111040617,1.220703125e-08
715,3.452376944381819e-06,0.005517925816395291,1.220703125e-08
716,4.390794209103893e-06,0.005517719638532526,1.220703125e-08
717,4.240433911111179e-06,0.0055176517622594476,1.220703125e-08
718,5.341850477885876e-06,0.005517715596066409,1.220703125e-08
719,7.213101931642694e-06,0.005517806035751164,1.220703125e-08
720,9.793485486399223e-06,0.005517869369019536,1.220703125e-08
721,6.937802074631969e-06,0.005517231087173513,1.220703125e-08
722,3.975927457962117e-06,0.005517308751962446,1.220703125e-08
723,3.7547098000751337e-06,0.0055176498770470065,1.220703125e-08
724,6.449846029668361e-06,0.005517584197452379,1.220703125e-08
725,4.1508321695982e-06,0.0055177515169139045,1.220703125e-08
726,4.966337258840653e-06,0.005517669565097094,1.220703125e-08
727,4.666446292738993e-06,0.005517848155610409,1.220703125e-08
728,3.417682859437867e-06,0.0055176718089569475,1.220703125e-08
729,5.721651216435107e-06,0.005517275287083976,1.220703125e-08
730,3.859147555518397e-06,0.005517680006360479,1.220703125e-08
731,5.128064040476127e-06,0.005517361136356157,1.220703125e-08
732,4.385210452937718e-06,0.005517586370658591,1.220703125e-08
733,5.136263041474066e-06,0.005517355083378334,1.220703125e-08
734,3.6940461429114765e-06,0.005517148744899714,1.220703125e-08
735,4.9426394859547974e-06,0.005517272107838835,1.220703125e-08
736,3.1249495933481514e-06,0.005516656720297761,1.220703125e-08
737,5.233335478694766e-06,0.005517544405339322,1.220703125e-08
738,3.906797636260046e-06,0.005517435476552692,1.220703125e-08
739,3.928585505090652e-06,0.005517276658391893,1.220703125e-08
740,4.419387026381854e-06,0.005517444389980483,1.220703125e-08
741,4.018205861126476e-06,0.005517105887689922,1.220703125e-08
742,3.5720592920797776e-06,0.005516977223789126,1.220703125e-08
743,3.525918060857003e-06,0.005516935774803642,1.220703125e-08
744,2.333480180040425e-06,0.0055170399520643515,1.220703125e-08
745,3.318889355432643e-06,0.005517262492677673,1.220703125e-08
746,4.969614399729904e-06,0.005517051307834208,1.220703125e-08
747,5.802875070567711e-06,0.005517220241132691,1.220703125e-08
748,3.404693589534675e-06,0.005516983301777145,1.220703125e-08
749,5.069285005067741e-06,0.005516488411316914,1.220703125e-08
750,2.7524859388475627e-06,0.005516912883783789,1.220703125e-08
751,3.854501458658302e-06,0.005516838569953051,1.220703125e-08
752,3.949998853502624e-06,0.005516803494305804,1.220703125e-08
753,3.3920544104380834e-06,0.005516891437769118,1.220703125e-08
754,5.527435969582424e-06,0.005517143359908459,1.220703125e-08
755,5.054286574238218e-06,0.0055168237275102,1.220703125e-08
756,5.518183781664064e-06,0.00551688074532376,1.220703125e-08
757,7.2274109048358786e-06,0.005516815146704175,1.220703125e-08
758,3.6068904039615532e-06,0.005516908838933432,1.220703125e-08
759,6.357244974204687e-06,0.005516862384173237,1.220703125e-08
760,4.352865985482405e-06,0.005516576923107096,1.220703125e-08
761,3.0560425478603914e-06,0.005516937275860073,1.220703125e-08
762,2.3635348012334684e-06,0.005516570356304328,1.220703125e-08
763,5.8419385424265024e-06,0.00551631831142322,1.220703125e-08
764,6.136665916294803e-06,0.005516456946267226,1.220703125e-08
765,4.897887862987931e-06,0.005516725359048451,1.220703125e-08
766,4.002445875532146e-06,0.005516626856763196,1.220703125e-08
767,6.534434864684078e-06,0.005516304129135733,1.220703125e-08
768,4.607200645982293e-06,0.00551669769317732,1.220703125e-08
769,5.484779091409911e-06,0.005516740887192555,1.220703125e-08
770,3.424907262268905e-06,0.005516843096371304,1.220703125e-08
771,5.280987272770803e-06,0.005516420432191808,1.220703125e-08
772,3.932444058986553e-06,0.0055161448786507205,1.220703125e-08
773,4.6624770400726496e-06,0.005516583082890065,1.220703125e-08
774,3.166294961358606e-06,0.005516376339805902,1.220703125e-08
775,1.0951964812734394e-05,0.005516554359844121,1.220703125e-08
776,4.826117589974628e-06,0.005516386555062126,1.220703125e-08
777,4.550713383045549e-06,0.005516412503728134,1.220703125e-08
778,4.474698880737707e-06,0.005516872702368346,1.220703125e-08
779,4.431942094665161e-06,0.0055164000880481585,1.220703125e-08
780,3.281833349822896e-06,0.0055164715319870085,1.220703125e-08
781,4.43693493128538e-06,0.00551661027574346,1.220703125e-08
782,6.300063470655327e-06,0.005516539071263651,1.220703125e-08
783,5.181612594324642e-06,0.005516150403276242,1.220703125e-08
784,4.060478954308863e-06,0.005516450588448606,1.220703125e-08
785,5.615604810397214e-06,0.00551607457621094,1.220703125e-08
786,5.933529868887752e-06,0.005516413124847531,1.220703125e-08
787,5.900427570961067e-06,0.005516566248792515,1.220703125e-08
788,5.1841441409969905e-06,0.00551640249708089,1.220703125e-08
789,3.562895916723141e-06,0.005516463299295083,1.220703125e-08
790,4.7640887674367965e-06,0.005516302728677146,1.220703125e-08
791,5.553226572714221e-06,0.005516422195683845,1.220703125e-08
792,4.82241095046444e-06,0.005516141304997745,1.220703125e-08
793,2.8901901486176354e-06,0.005516048888522164,1.220703125e-08
794,7.0994883850867235e-06,0.005515939576441269,1.220703125e-08
795,3.2362481168394254e-06,0.005515765853242101,1.220703125e-08
796,3.2782360813036365e-06,0.005515718277302767,1.220703125e-08
797,7.497419312768571e-06,0.005515396721343677,1.220703125e-08
798,3.4729686247330724e-06,0.005516026848295041,1.220703125e-08
799,5.6480469507420096e-06,0.005515943252542456,1.220703125e-08
800,3.860843173380591e-06,0.005515743652870697,1.220703125e-08
801,3.39678069907384e-06,0.005516155149295628,1.220703125e-08
802,3.2097375593169258e-06,0.005515876852096426,1.220703125e-08
803,2.9786109847133294e-06,0.005515738483632958,1.220703125e-08
804,5.217073706453332e-06,0.005515603993067543,1.220703125e-08
805,5.69153473924233e-06,0.005515794483200352,1.220703125e-08
806,3.205933994490167e-06,0.005515779588372879,1.220703125e-08
807,4.169035554033956e-06,0.005516295669193368,1.220703125e-08
808,3.818921776634101e-06,0.005515861801426581,1.220703125e-08
809,2.6390373933515137e-06,0.005516046709719831,1.220703125e-08
810,5.254018341960124e-06,0.005515963255345014,1.220703125e-08
811,3.855683997932251e-06,0.005515768591767028,1.220703125e-08
812,5.653610057986596e-06,0.005515864664679157,1.220703125e-08
813,5.086613065010237e-06,0.005515648075812805,1.220703125e-08
814,3.930914417223238e-06,0.0055156809633945154,1.220703125e-08
815,6.738631744964884e-06,0.0055162519040327426,1.220703125e-08
816,4.627261268097292e-06,0.0055157325645150196,1.220703125e-08
817,2.905314579107614e-06,0.005515557541869839,1.220703125e-08
818,3.882976163608214e-06,0.005515641046053588,1.220703125e-08
819,5.264470054965059e-06,0.005516039874700709,1.220703125e-08
820,3.4624789790638192e-06,0.005515956393452143,1.220703125e-08
821,4.2252371402371034e-06,0.005515711145792921,1.220703125e-08
822,3.3480531819468376e-06,0.005515059731873862,1.220703125e-08
823,2.8318745339574973e-06,0.005515443850964402,1.220703125e-08
824,4.952051337643418e-06,0.0055156184918319015,1.220703125e-08
825,2.8908468892501975e-06,0.0055153630791742216,1.220703125e-08
826,3.005543757013335e-06,0.005515696014720106,1.220703125e-08
827,4.67118954553423e-06,0.0055157073639711595,1.220703125e-08
828,5.397914177049867e-06,0.005516054317223734,1.220703125e-08
829,5.543192345979193e-06,0.005515813665152109,1.220703125e-08
830,4.281657584352088e-06,0.005515653403627766,1.220703125e-08
831,3.4246688748221886e-06,0.005515729910402115,1.220703125e-08
832,4.586523160187049e-06,0.005515676077213357,1.220703125e-08
833,5.29014792846652e-06,0.005515392247900763,1.220703125e-08
834,3.6874735253412033e-06,0.005515501831767779,1.220703125e-08
835,5.95254064684712e-06,0.005515306203947603,1.220703125e-08
836,3.136458568525418e-06,0.00551526888100716,1.220703125e-08
837,3.6110317524731655e-06,0.005515256146833053,1.220703125e-08
838,5.582512596962597e-06,0.005515167612434198,1.220703125e-08
839,3.875539271294013e-06,0.005514975052681166,1.220703125e-08
840,3.7879689093292508e-06,0.005515533680373665,1.220703125e-08
841,5.3334745177308815e-06,0.005515561752765734,1.220703125e-08
842,3.325676446750695e-06,0.005515220928429244,1.220703125e-08
843,3.368321576364863e-06,0.005514881496087583,1.220703125e-08
844,4.471125817703607e-06,0.00551499282291752,1.220703125e-08
845,3.805441113100228e-06,0.005515187277788755,1.220703125e-08
846,2.8767845231364574e-06,0.005515150241617903,1.220703125e-08
847,3.2415862418403384e-06,0.005514896574169597,1.220703125e-08
848,4.119206775566048e-06,0.005514647492419954,1.220703125e-08
849,4.124499137334573e-06,0.0055148401501610355,1.220703125e-08
850,3.791998056186062e-06,0.005514657011197415,1.220703125e-08
851,4.2237362108108695e-06,0.005514970092289786,1.220703125e-08
852,4.297080338977986e-06,0.005514707060780893,1.220703125e-08
853,4.982232207347907e-06,0.0055145774197440005,1.220703125e-08
854,6.894044315951762e-06,0.0055147677681097775,1.220703125e-08
855,3.2529405399114316e-06,0.0055145873438277706,1.220703125e-08
856,6.965674807816919e-06,0.005514761471588372,1.220703125e-08
857,3.2948904307004113e-06,0.005514463094905295,1.220703125e-08
858,3.678952778653101e-06,0.005514424254703499,1.220703125e-08
859,4.301703201110286e-06,0.005514917625214821,1.220703125e-08
860,3.161671657461839e-06,0.005514606640260809,1.220703125e-08
861,3.800144790480152e-06,0.005514366950444582,1.220703125e-08
862,6.842101874265027e-06,0.005514537081789513,1.220703125e-08
863,4.683548514866514e-06,0.005514807494945217,1.220703125e-08
864,5.789033608282186e-06,0.005514698188181683,1.220703125e-08
865,5.204623495611351e-06,0.005514392083402527,1.220703125e-08
866,7.930967782025343e-06,0.005514571553818314,1.220703125e-08
867,4.418074559490896e-06,0.005514726585880453,1.220703125e-08
868,4.529282487750927e-06,0.005514586678789783,1.220703125e-08
869,3.0800941170615997e-06,0.005514503361844163,1.220703125e-08
870,4.135493166715389e-06,0.005514881784459703,1.220703125e-08
871,4.877898636929454e-06,0.005515073558407948,1.220703125e-08
872,5.081112058365149e-06,0.005515004484675046,1.220703125e-08
873,4.337013350248622e-06,0.005514430288918447,1.220703125e-08
874,4.630345228063261e-06,0.005514125820619484,1.220703125e-08
875,2.516582301619861e-06,0.005514360231425144,1.220703125e-08
876,3.776917589740326e-06,0.005514383467434982,1.220703125e-08
877,3.226434671480925e-06,0.005513924348781984,1.220703125e-08
878,3.886290826438812e-06,0.005514300564734185,1.220703125e-08
879,6.175975740961922e-06,0.005514216657789802,1.220703125e-08
880,4.880733299251061e-06,0.005514023522503521,1.220703125e-08
881,1.8669299205452315e-05,0.005514048927180738,1.220703125e-08
882,5.108339641070342e-06,0.005513789190882562,1.220703125e-08
883,4.647614210328556e-06,0.0055137544118992994,1.220703125e-08
884,3.391914222082471e-06,0.005513560584185597,1.220703125e-08
885,4.010605701270583e-06,0.0055135891820100365,1.220703125e-08
886,3.7874248040243858e-06,0.0055137259837633795,1.220703125e-08
887,4.589210036981641e-06,0.00551398316453151,1.220703125e-08
888,4.821784652265624e-06,0.005514192598565842,1.220703125e-08
889,4.1998363343242754e-06,0.005514134085176465,1.220703125e-08
890,5.888146550253044e-06,0.005513911656029905,1.220703125e-08
891,1.2018845153681823e-05,0.005513747461309322,1.220703125e-08
892,4.444628410437567e-06,0.0055137329418980694,1.220703125e-08
893,3.967455659169431e-06,0.005513371807028307,1.220703125e-08
894,4.369088231232515e-06,0.005513206722329415,1.220703125e-08
895,4.353015230229341e-06,0.005513501120929505,1.220703125e-08
896,3.77257767478297e-06,0.005513268031336338,1.220703125e-08
897,3.201466191442283e-06,0.005513465127867221,1.220703125e-08
898,4.029416610809983e-06,0.005513942397347364,1.220703125e-08
899,4.352930718764596e-06,0.005513516906417862,1.220703125e-08
900,2.8097777897869965e-06,0.005513809304205097,1.220703125e-08
901,3.6518787258216867e-06,0.005513879243803331,1.220703125e-08
902,6.139080986784198e-06,0.00551398203529834,1.220703125e-08
903,5.967120231160827e-06,0.005513990591827678,1.220703125e-08
904,2.7996511054868826e-06,0.005514239166393054,1.220703125e-08
905,2.842367882366588e-06,0.005513741660494361,1.220703125e-08
906,4.2555552167040315e-06,0.005513806112114708,1.220703125e-08
907,3.1419844478318204e-06,0.005513785072988412,1.220703125e-08
908,5.116883843224772e-06,0.005513457477004068,1.220703125e-08
909,5.5157617728346294e-06,0.005513288579380969,1.220703125e-08
910,1.1036613314449375e-05,0.005513251257088086,1.220703125e-08
911,4.194856148204694e-06,0.005513824680732341,1.220703125e-08
912,2.7810438423436994e-06,0.0055135869504774745,1.220703125e-08
913,3.0362016648751925e-06,0.005513393606669524,1.220703125e-08
914,5.772768347075199e-06,0.005513812021682952,1.220703125e-08
915,4.169721552951975e-06,0.005513925672240475,1.220703125e-08
916,6.547700837248097e-06,0.0055139598985015255,1.220703125e-08
917,5.778004273482395e-06,0.005513002103415602,1.220703125e-08
918,3.2238753548668594e-06,0.00551349375832342,1.220703125e-08
919,6.208138308143388e-06,0.005513364676543915,1.220703125e-08
920,4.242934270432133e-06,0.005513322503481504,1.220703125e-08
921,2.7394780618442883e-06,0.005513196263685132,1.220703125e-08
922,4.4560198064582425e-06,0.005513395273585047,1.220703125e-08
923,4.3860765010267286e-06,0.005513248446440684,1.220703125e-08
924,3.049640024879172e-06,0.005513447546840325,1.220703125e-08
925,3.901665681219732e-06,0.005513387564384175,1.220703125e-08
926,4.589207015297125e-06,0.0055132419466376635,1.220703125e-08
927,5.706005230652802e-06,0.0055129270644893045,1.220703125e-08
928,4.765867995993577e-06,0.005513551868449667,1.220703125e-08
929,4.198449583112372e-06,0.0055129194432097395,1.220703125e-08
930,6.6046256553406214e-06,0.00551281926539059,1.220703125e-08
931,5.7492863121661765e-06,0.005513119431564519,1.220703125e-08
932,3.7852956223382956e-06,0.005513355901141495,1.220703125e-08
933,3.086001977150522e-06,0.005512867558089511,1.220703125e-08
934,5.801087638793679e-06,0.005512905427774058,1.220703125e-08
935,7.895525029112696e-06,0.005513004182345412,1.220703125e-08
936,5.323453156601178e-06,0.005513184653566896,1.220703125e-08
937,3.4587374625659995e-06,0.0055134036768372426,1.220703125e-08
938,4.48334405853803e-06,0.005513029094687227,1.220703125e-08
939,5.93010080950166e-06,0.005513238391193226,1.220703125e-08
940,3.4791030864049832e-06,0.0055130835492341245,1.220703125e-08
941,3.982947668352165e-06,0.005513150284240965,1.220703125e-08
942,5.241104052266373e-06,0.005513132885730102,1.220703125e-08
943,3.580564609761949e-06,0.005513228180523129,1.220703125e-08
944,4.105913556939311e-06,0.005512976203849121,1.220703125e-08
945,8.003968339941585e-06,0.005512786932517884,1.220703125e-08
946,3.776475852057053e-06,0.005513379142982103,1.220703125e-08
947,3.7735015346107394e-06,0.005513101346156418,1.220703125e-08
948,3.735184097967794e-06,0.005512831701353207,1.220703125e-08
949,5.91211025122774e-06,0.005512872269750006,1.220703125e-08
950,4.0462011558048104e-06,0.0055129347022966615,1.220703125e-08
951,5.077839567046034e-06,0.005512505605002843,1.220703125e-08
952,4.256082184706794e-06,0.0055126136998032964,1.220703125e-08
953,4.52817800085909e-06,0.005512806157496016,1.220703125e-08
954,3.247971022513423e-06,0.005512273492904569,1.220703125e-08
955,4.830866541135009e-06,0.005512356641273982,1.220703125e-08
956,2.9473405522177013e-06,0.0055124826813698746,1.220703125e-08
957,6.530006521801693e-06,0.005512895838496661,1.220703125e-08
958,4.6682413539223105e-06,0.005512620866630641,1.220703125e-08
959,5.38800390146648e-06,0.0055124610267744175,1.220703125e-08
960,5.32325909976324e-06,0.005512657977530125,1.220703125e-08
961,5.910337424564279e-06,0.005512304476927966,1.220703125e-08
962,4.261680894389125e-06,0.005512645275140585,1.220703125e-08
963,4.80892354915231e-06,0.005512716254203497,1.220703125e-08
964,3.7790616820418448e-06,0.005512502678439887,1.220703125e-08
965,3.4329508954609196e-06,0.005512768398144089,1.220703125e-08
966,4.126231468700619e-06,0.0055122686315662575,1.220703125e-08
967,6.14209758752175e-06,0.005511901084401415,1.220703125e-08
968,3.840307072570373e-06,0.00551247488472427,1.220703125e-08
969,3.6565802270328444e-06,0.005512387536438837,1.220703125e-08
970,3.638556051269953e-06,0.00551234875188311,1.220703125e-08
971,3.031787023948947e-06,0.005511938500500492,1.220703125e-08
972,5.71532237350751e-06,0.005512263675944268,1.220703125e-08
973,7.022531939221783e-06,0.005511992409949926,1.220703125e-08
974,3.4093115391456e-06,0.00551243909780078,1.220703125e-08
975,3.5919051218130675e-06,0.005512049489059791,1.220703125e-08
976,4.5107469042030446e-06,0.005512441821960238,1.220703125e-08
977,3.547946923568235e-06,0.005512443552202967,1.220703125e-08
978,3.0975238819029538e-06,0.005512138271867115,1.220703125e-08
979,4.41969570959259e-06,0.005512134227108163,1.220703125e-08
980,3.2621694818528898e-06,0.005512004783961402,1.220703125e-08
981,3.1690989937574583e-06,0.005511689949276388,1.220703125e-08
982,2.766761523969636e-06,0.005511813914220511,1.220703125e-08
983,3.4159777745638927e-06,0.005511146900726544,1.220703125e-08
984,4.322121260940406e-06,0.005511658027450721,1.220703125e-08
985,2.7509661025665156e-06,0.005511743989468868,1.220703125e-08
986,4.498860457893316e-06,0.005512099313921681,1.220703125e-08
987,4.182362263168533e-06,0.005511672106223159,1.220703125e-08
988,1.126954544557328e-05,0.005511947071318446,1.220703125e-08
989,1.981540486938609e-05,0.005511639701126114,1.220703125e-08
990,6.7297975279390745e-06,0.005511960621104663,1.220703125e-08
991,5.2201683195917935e-06,0.005512110759874304,1.220703125e-08
992,5.638817508576123e-06,0.00551209256727725,1.220703125e-08
993,4.931776615107913e-06,0.00551186829027256,1.220703125e-08
994,5.5524669854328344e-06,0.005511742156013043,1.220703125e-08
995,3.7970261239589055e-06,0.005511835720843464,1.220703125e-08
996,3.4652971808726434e-06,0.005512128670092352,1.220703125e-08
997,3.777141210555236e-06,0.005511518626115958,1.220703125e-08
998,5.968361420018978e-06,0.0055118430284396705,1.220703125e-08
999,3.1854230685846605e-06,0.005511600536156948,1.220703125e-08
1000,2.8639453197663175e-06,0.0055117597113985535,1.220703125e-08
